result,http_status,source_url,final_url,content_type_or_error,referenced_by
OK_HTTP,200,https://adrizio.home.blog/2013/11/13/morador-do-mucuripe-lanca-campanha-de-revitalizacao-de-praca-em-fortaleza/,https://adrizio.home.blog/2013/11/13/morador-do-mucuripe-lanca-campanha-de-revitalizacao-de-praca-em-fortaleza/,text/html; charset=UTF-8,index.html
OK_HTTP,200,https://adrizio.home.blog/wp-content/uploads/2019/07/apresentacao-de-projeto-jovem-empreendedor.jpg,https://adrizio.home.blog/wp-content/uploads/2019/07/apresentacao-de-projeto-jovem-empreendedor.jpg,image/jpeg,acervo.html; registros/ao-foto-011.html
OK_HTTP,200,https://adrizio.home.blog/wp-content/uploads/2019/07/cvt-portuario.jpg,https://adrizio.home.blog/wp-content/uploads/2019/07/cvt-portuario.jpg,image/jpeg,registros/ao-foto-009.html
OK_HTTP,200,https://adrizio.home.blog/wp-content/uploads/2019/07/mn.jpg,https://adrizio.home.blog/wp-content/uploads/2019/07/mn.jpg,image/jpeg,acervo.html; index.html; registros/ao-foto-005.html
OK_HTTP,200,https://adrizio.home.blog/wp-content/uploads/2019/07/premiacao.jpg,https://adrizio.home.blog/wp-content/uploads/2019/07/premiacao.jpg,image/jpeg,acervo.html; index.html; registros/ao-doc-002.html
OK_HTTP,200,https://adrizio.home.blog/wp-content/uploads/2019/07/revista.jpeg,https://adrizio.home.blog/wp-content/uploads/2019/07/revista.jpeg,image/jpeg,acervo.html; index.html; registros/ao-doc-001.html
OK_HTTP,200,https://adrizio.home.blog/wp-content/uploads/2019/07/revitalizacao.jpg,https://adrizio.home.blog/wp-content/uploads/2019/07/revitalizacao.jpg,image/jpeg,acervo.html; index.html; registros/ao-foto-008.html
OK_HTTP,200,https://adrizio.home.blog/wp-content/uploads/2025/07/mirante-reportagem.jpg,https://adrizio.home.blog/wp-content/uploads/2025/07/mirante-reportagem.jpg,image/jpeg,acervo.html; index.html; registros/ao-foto-006.html
OK_HTTP,200,https://adrizio.home.blog/wp-content/uploads/2025/07/primeira-reuniao.jpg,https://adrizio.home.blog/wp-content/uploads/2025/07/primeira-reuniao.jpg,image/jpeg,acervo.html; index.html; registros/ao-foto-003.html
OK_HTTP,200,https://adrizio.home.blog/wp-content/uploads/2025/07/reuniao-da-cmp-no-frei-humberto-reforca-apoio-ao-plebiscito-popular.jpg,https://adrizio.home.blog/wp-content/uploads/2025/07/reuniao-da-cmp-no-frei-humberto-reforca-apoio-ao-plebiscito-popular.jpg,image/jpeg,acervo.html
RESTRICTED_OR_INCONCLUSIVE,403,https://linktr.ee/adriziooliveira,https://linktr.ee/adriziooliveira,,index.html
OK_HTTP,206,https://urbanismoemeioambiente.fortaleza.ce.gov.br/images/urbanismo-e-meio-ambiente/infocidade/Plano_Diretor/ATA_DA_REUNIAO_-_CONSELHO_GESTOR_DA_ZEIS_-_MUCURIPE_29-11-2021.pdf,https://urbanismoemeioambiente.fortaleza.ce.gov.br/images/urbanismo-e-meio-ambiente/infocidade/Plano_Diretor/ATA_DA_REUNIAO_-_CONSELHO_GESTOR_DA_ZEIS_-_MUCURIPE_29-11-2021.pdf,application/pdf,index.html
OK_HTTP,200,https://www.ce.gov.br/2016/03/07/ce-pacifico-conheca-o-engajamento-cultural-do-vicente-pinzon/,https://www.ce.gov.br/2016/03/07/ce-pacifico-conheca-o-engajamento-cultural-do-vicente-pinzon/,text/html; charset=UTF-8,index.html
OK_HTTP,206,https://www.ipplan.fortaleza.ce.gov.br/documents/Portaria_Comissao_Organizadora.pdf,https://www.ipplan.fortaleza.ce.gov.br/documents/Portaria_Comissao_Organizadora.pdf,application/pdf,index.html
